PRODUCT_CODE,PRODUCT_NAME,PRODUCT_PRICE,DISCOUNT_PRICE,DISCOUNT_RATE,PRODUCT_LINK
1,mude inspire skinny curling mascara 3ml,14.00,7.29,48% OFF,https://jolse.com/product/mude-inspire-skinny-curling-mascara-3ml/69879/category/4722/display/1/
2,CORALHAZE Glow Lock Jelly Tint 4g,19.00,6.79,64% OFF,https://jolse.com/product/coralhaze-glow-lock-jelly-tint-4g/83183/category/4722/display/1/
3,A'PIEU Honey & Milk Lip Oil 5g,11.00,3.79,66% OFF,https://jolse.com/product/apieu-honey-milk-lip-oil-5g/13087/category/4722/display/1/
4,Dinto Blur-Glowy Lip Tint 3.5g (30 colors),20.00,6.99,65% OFF,https://jolse.com/product/dinto-blur-glowy-lip-tint-35g-30-colors/64429/category/4722/display/1/
5,SKINFOOD SALMON DARKCIRCLE CONCEALER CREAM 10g,11.50,2.19,81% OFF,https://jolse.com/product/skinfood-salmon-darkcircle-concealer-cream-10g/79390/category/4722/display/1/
6,2aN Gleaming Tension Pact 13g (cushion foundation),33.00,11.99,64% OFF,https://jolse.com/product/2an-gleaming-tension-pact-13g-cushion-foundation/55975/category/4722/display/1/
7,MISSHA M Perfect Cover BB Cream 50ml,16.16,9.49,41% OFF,https://jolse.com/product/missha-m-perfect-cover-bb-cream-50ml/1264/category/4722/display/1/
8,Unleashia Non-Sticky Dazzle Tint 4g,17.00,5.69,67% OFF,https://jolse.com/product/unleashia-non-sticky-dazzle-tint-4g/56375/category/4722/display/1/
9,Unleashia Shaper Pomade Eyebrow Fixer 8g #NO.1 CLEAR,24.00,20.40,15% OFF,https://jolse.com/product/unleashia-shaper-pomade-eyebrow-fixer-8g-no1-clear/58770/category/4722/display/1/
10,ETUDE Color Lasting Glow Stick 3.2g,16.00,13.60,15% OFF,https://jolse.com/product/etude-color-lasting-glow-stick-32g/82223/category/4722/display/1/
11,Peripera Heart Jam Glow Lip,11.00,5.99,46% OFF,https://jolse.com/product/peripera-heart-jam-glow-lip/79758/category/4722/display/1/
12,MISSHA 4D Mascara 7g,8.00,3.89,51% OFF,https://jolse.com/product/missha-4d-mascara-7g/19622/category/4722/display/1/
13,SKINFOOD PEACH COTTON PORE BLUR PACT 4g,9.00,4.86,46% OFF,https://jolse.com/product/skinfood-peach-cotton-pore-blur-pact-4g/80134/category/4722/display/1/
14,BBIA Last Auto Gel Eyeliner 0.3g (22AD),9.48,4.55,52% OFF,https://jolse.com/product/bbia-last-auto-gel-eyeliner-03g-22ad/60705/category/4722/display/1/
15,2aN Pure Glash Highlighter 2.7g,12.00,5.59,53% OFF,https://jolse.com/product/2an-pure-glash-highlighter-27g/76546/category/4722/display/1/
16,BBIA GLOW LIP TINT 3.2g,11.00,5.89,46% OFF,https://jolse.com/product/bbia-glow-lip-tint-32g/66284/category/4722/display/1/
17,ETUDE Drawing Eye Brow 0.25g,3.90,2.73,30% OFF,https://jolse.com/product/etude-drawing-eye-brow-025g/43930/category/4722/display/1/
18,ETUDE My Own Gemstone Look at My Eyes 2g,6.50,4.55,30% OFF,https://jolse.com/product/etude-my-own-gemstone-look-at-my-eyes-2g/82806/category/4722/display/1/
19,2aN Dew Glowy Tint 3.4g,15.00,5.79,61% OFF,https://jolse.com/product/2an-dew-glowy-tint-34g/76542/category/4722/display/1/
20,ETUDE Fixing Tint 4g,10.60,7.95,25% OFF,https://jolse.com/product/etude-fixing-tint-4g/67002/category/4722/display/1/
21,CLIO KILL COVER MESH GLOW CUSHION Set 15g + REFILL 15g,40.00,18.99,53% OFF,https://jolse.com/product/clio-kill-cover-mesh-glow-cushion-set-15g-refill-15g/62440/category/4722/display/1/
22,Unleashia Glitterpedia Eye Palette 6.6g,32.00,14.99,53% OFF,https://jolse.com/product/unleashia-glitterpedia-eye-palette-66g/56371/category/4722/display/1/
23,UNLEASHIA Satin Wear Healthy-Green Cushion RE-FEEL(+Puff),20.00,7.29,64% OFF,https://jolse.com/product/unleashia-satin-wear-healthy-green-cushion-re-feelpuff/78565/category/4722/display/1/
24,BBIA Ready To Wear Water Lipstick 3g,13.06,6.27,52% OFF,https://jolse.com/product/bbia-ready-to-wear-water-lipstick-3g/64166/category/4722/display/1/
25,Dinto Blurring Lip Veil 3.5ml,20.00,6.99,65% OFF,https://jolse.com/product/dinto-blurring-lip-veil-35ml/81453/category/4722/display/1/
26,INGA Water Glow Melting Balm 1.8g,12.00,5.49,54% OFF,https://jolse.com/product/inga-water-glow-melting-balm-18g/82498/category/4722/display/1/
27,Etude Dear Darling Water Gel Tint (Ice cream) 4.5g,6.00,4.08,32% OFF,https://jolse.com/product/etude-dear-darling-water-gel-tint-ice-cream-45g/74901/category/4722/display/1/
28,2aN Fluffy Blur Tint 5g,12.00,5.59,53% OFF,https://jolse.com/product/2an-fluffy-blur-tint-5g/76552/category/4722/display/1/
29,hince Raw Glow Gel Tint 4ml,17.00,8.29,51% OFF,https://jolse.com/product/hince-raw-glow-gel-tint-4ml/78358/category/4722/display/1/
30,Unleashia Don't Touch Glass Pink Cushion RE-FEEL (+ Puff),20.00,7.89,61% OFF,https://jolse.com/product/unleashia-dont-touch-glass-pink-cushion-re-feel-puff/83319/category/4722/display/1/
31,SKINFOOD Peach Cotton Multi Finish Powder 5g,12.00,4.08,66% OFF,https://jolse.com/product/skinfood-peach-cotton-multi-finish-powder-5g/67826/category/4722/display/1/
32,JAVIN DE SEOUL Wink Foundation Pact SPF 50 PA+++ 15g,28.00,12.99,54% OFF,https://jolse.com/product/javin-de-seoul-wink-foundation-pact-spf-50-pa-15g/55820/category/4722/display/1/
33,CORALHAZE Stardust Glitter 1.9g,12.00,4.99,58% OFF,https://jolse.com/product/coralhaze-stardust-glitter-19g/83085/category/4722/display/1/
34,2aN Bare Flash Gloss,12.00,5.59,53% OFF,https://jolse.com/product/2an-bare-flash-gloss/76551/category/4722/display/1/
35,TFIT Cover Up Pro Concealer 15g,14.00,10.50,25% OFF,https://jolse.com/product/tfit-cover-up-pro-concealer-15g/81691/category/4722/display/1/
36,CLIO Crystal Glam Tint,18.00,8.49,53% OFF,https://jolse.com/product/clio-crystal-glam-tint/79763/category/4722/display/1/
37,the SAEM Cover Perfection Fixealer 6.5g,6.00,3.60,40% OFF,https://jolse.com/product/the-saem-cover-perfection-fixealer-65g/75904/category/4722/display/1/
38,thim skin cover concealer duo 1.3g / 5g,20.00,7.49,63% OFF,https://jolse.com/product/thim-skin-cover-concealer-duo-13g-5g/66056/category/4722/display/1/
39,2aN Dual Cheek,19.00,9.49,50% OFF,https://jolse.com/product/2an-dual-cheek/56366/category/4722/display/1/
40,JAVIN DE SEOUL Wink Liquid Concealer SPF 50 PA+++ 6.5g,18.00,6.99,61% OFF,https://jolse.com/product/javin-de-seoul-wink-liquid-concealer-spf-50-pa-65g/55826/category/4722/display/1/
41,MISSHA Magic Cushion Cover Lasting SPF50+ PA+++ 15g,14.66,8.80,40% OFF,https://jolse.com/product/missha-magic-cushion-cover-lasting-spf50-pa-15g/14262/category/4722/display/1/
42,JAVIN DE SEOUL WINK LIP SHADE PRIMER 5g,16.00,6.59,59% OFF,https://jolse.com/product/javin-de-seoul-wink-lip-shade-primer-5g/83273/category/4722/display/1/
43,RiRe Moisture Tint Lip Balm 3.5g,10.00,4.49,55% OFF,https://jolse.com/product/rire-moisture-tint-lip-balm-35g/68902/category/4722/display/1/
44,A'PIEU Juicy-Pang Jelly Blusher 4.8g,14.07,5.35,62% OFF,https://jolse.com/product/apieu-juicy-pang-jelly-blusher-48g/18884/category/4722/display/1/
45,RiRe Bubble Bubble Lip Mask 12ml,8.50,4.42,48% OFF,https://jolse.com/product/rire-bubble-bubble-lip-mask-12ml/17638/category/4722/display/1/
46,eglips All Over Blusher 5g,19.00,7.89,58% OFF,https://jolse.com/product/eglips-all-over-blusher-5g/83264/category/4722/display/1/
47,TFIT Translucent Set Finishing Powder 7g,15.00,11.25,25% OFF,https://jolse.com/product/tfit-translucent-set-finishing-powder-7g/81696/category/4722/display/1/
48,ETUDE Curl Fix Mascara 8g,11.40,7.98,30% OFF,https://jolse.com/product/etude-curl-fix-mascara-8g/68898/category/4722/display/1/
49,BBIA Last Pen Eyeliner 0.6g (22AD),15.00,4.50,70% OFF,https://jolse.com/product/bbia-last-pen-eyeliner-06g-22ad/59724/category/4722/display/1/
50,Rire Real Tattoo Pen Eyeliner 0.8ml,11.00,4.99,55% OFF,https://jolse.com/product/rire-real-tattoo-pen-eyeliner-08ml/44387/category/4722/display/1/
51,RiRe Luxe Liquid Eyeliner 0.7g,9.00,4.79,47% OFF,https://jolse.com/product/rire-luxe-liquid-eyeliner-07g/26949/category/4722/display/1/
52,the SAEM Cover Perfection Tip Concealer 6.5g,6.00,3.60,40% OFF,https://jolse.com/product/the-saem-cover-perfection-tip-concealer-65g/21242/category/4722/display/1/
53,heimish Dailism Smudge Stop Mascara 9g,14.00,6.49,54% OFF,https://jolse.com/product/heimish-dailism-smudge-stop-mascara-9g/81090/category/4722/display/1/
54,Dinto Blur-Glowy Wooncho Cushion,37.00,15.49,58% OFF,https://jolse.com/product/dinto-blur-glowy-wooncho-cushion/80760/category/4722/display/1/
55,hince True Dimension Radiance Balm 10g,29.00,15.99,45% OFF,https://jolse.com/product/hince-true-dimension-radiance-balm-10g/78513/category/4722/display/1/
56,Unleashia Oh! Happy Day Lip Pencil 0.8g,14.00,5.99,57% OFF,https://jolse.com/product/unleashia-oh-happy-day-lip-pencil-08g/69658/category/4722/display/1/
57,MISSHA Cho Bo Yang BB Cream 50ml,28.00,14.00,50% OFF,https://jolse.com/product/missha-cho-bo-yang-bb-cream-50ml/67321/category/4722/display/1/
58,PURITO Cica Clearing BB Cream 30ml,14.40,12.24,15% OFF,https://jolse.com/product/purito-cica-clearing-bb-cream-30ml/34001/category/4722/display/1/
59,MISSHA Radiance Perfect Fit Cushion SPF50+ PA+++ 15g,26.00,11.96,54% OFF,https://jolse.com/product/missha-radiance-perfect-fit-cushion-spf50-pa-15g/28137/category/4722/display/1/
60,RiRe luxe Gel Eyeliner 0.5g,8.35,3.67,56% OFF,https://jolse.com/product/rire-luxe-gel-eyeliner-05g/17634/category/4722/display/1/
61,MISSHA Cotton Blusher,10.66,3.89,64% OFF,https://jolse.com/product/missha-cotton-blusher/14232/category/4722/display/1/
62,A'PIEU Juicy Pang Water Blusher 9g,15.00,7.49,50% OFF,https://jolse.com/product/apieu-juicy-pang-water-blusher-9g/13073/category/4722/display/1/
63,hince Vita Barrier Nourishing Lip Oil 4.5ml,16.00,7.29,54% OFF,https://jolse.com/product/hince-vita-barrier-nourishing-lip-oil-45ml/83180/category/4722/display/1/
64,INGA Stage Brow Pencil 0.2g,10.00,4.99,50% OFF,https://jolse.com/product/inga-stage-brow-pencil-02g/82720/category/4722/display/1/
65,ETUDE Dear Darling Water Tint 9g,8.30,7.05,15% OFF,https://jolse.com/product/etude-dear-darling-water-tint-9g/66628/category/4722/display/1/
66,BBIA Ready To Wear Eye Shadow 3g,8.81,4.49,49% OFF,https://jolse.com/product/bbia-ready-to-wear-eye-shadow-3g/64171/category/4722/display/1/
67,VT Essence Sun Pact SPF50+ PA+++ 11g,14.21,12.79,10% OFF,https://jolse.com/product/vt-essence-sun-pact-spf50-pa-11g/60888/category/4722/display/1/
68,2aN Long & Curling Mascara 7.5g #Choco Brown,19.00,5.89,69% OFF,https://jolse.com/product/2an-long-curling-mascara-75g-choco-brown/55988/category/4722/display/1/
69,ETUDE Lovely Cookie Blusher 4g,7.70,5.39,30% OFF,https://jolse.com/product/etude-lovely-cookie-blusher-4g/52760/category/4722/display/1/
70,HOLIKA HOLIKA Heartcrush Glow Tint Air 3g,15.16,6.97,54% OFF,https://jolse.com/product/holika-holika-heartcrush-glow-tint-air-3g/40018/category/4722/display/1/
71,BBIA Last Blush 2.5g,7.00,3.78,46% OFF,https://jolse.com/product/bbia-last-blush-25g/26821/category/4722/display/1/
72,JAVIN DE SEOUL WINK EYE SHIMMER LIGHT 6g,18.00,6.99,61% OFF,https://jolse.com/product/javin-de-seoul-wink-eye-shimmer-light-6g/83369/category/4722/display/1/
73,Peripera All Take Mood Like Palette,28.00,23.80,15% OFF,https://jolse.com/product/peripera-all-take-mood-like-palette/79774/category/4722/display/1/
74,Dinto Blur-Jelly Plumping Lip Tint 3.5g,20.00,17.00,15% OFF,https://jolse.com/product/dinto-blur-jelly-plumping-lip-tint-35g/79773/category/4722/display/1/
75,fwee Mellow Dual Blush 7.2g,20.00,16.00,20% OFF,https://jolse.com/product/fwee-mellow-dual-blush-72g/78680/category/4722/display/1/
76,Dinto Be My Wendy Marshmallow & Melting Blusher 6.5g,23.00,10.49,54% OFF,https://jolse.com/product/dinto-be-my-wendy-marshmallow-melting-blusher-65g/76842/category/4722/display/1/
77,2aN Better me Eye palette,23.00,10.99,52% OFF,https://jolse.com/product/2an-better-me-eye-palette/76344/category/4722/display/1/
78,ETUDE Zero Sebum Drying Powder 4g,7.20,6.12,15% OFF,https://jolse.com/product/etude-zero-sebum-drying-powder-4g/75307/category/4722/display/1/
79,thim artist touch shadow duo 0.7g / 0.5g,21.00,7.69,63% OFF,https://jolse.com/product/thim-artist-touch-shadow-duo-07g-05g/66090/category/4722/display/1/
80,BBIA Ready To Wear Downy Cheek 3.5g,12.00,5.39,55% OFF,https://jolse.com/product/bbia-ready-to-wear-downy-cheek-35g/64165/category/4722/display/1/
81,JAVIN DE SEOUL WINK EYE SHADE PRIMER 5.5g,16.00,6.59,59% OFF,https://jolse.com/product/javin-de-seoul-wink-eye-shade-primer-55g/63294/category/4722/display/1/
82,Unleashia Shaper Defining Eyebrow Pencil 0.025g,16.00,13.60,15% OFF,https://jolse.com/product/unleashia-shaper-defining-eyebrow-pencil-0025g/58771/category/4722/display/1/
83,2aN Easy Off Mascara Remover 7g,15.00,7.50,50% OFF,https://jolse.com/product/2an-easy-off-mascara-remover-7g/56383/category/4722/display/1/
84,2aN Long Wearing Foundation 30ml,31.00,11.49,63% OFF,https://jolse.com/product/2an-long-wearing-foundation-30ml/55984/category/4722/display/1/
85,ETUDE Big Cover Skin Fit Concealer Pro 7g,13.00,9.10,30% OFF,https://jolse.com/product/etude-big-cover-skin-fit-concealer-pro-7g/43907/category/4722/display/1/
86,rom&nd Juicy Lasting Tint Bare Juicy 5.5g,13.99,0,0,https://jolse.com/product/romnd-juicy-lasting-tint-bare-juicy-55g/40375/category/4722/display/1/
87,MISSHA Ultra Powerproof Mascara 8g,12.16,6.08,50% OFF,https://jolse.com/product/missha-ultra-powerproof-mascara-8g/20154/category/4722/display/1/
88,A'PIEU Mineral 100 HD Powder 5.5g,13.03,4.69,64% OFF,https://jolse.com/product/apieu-mineral-100-hd-powder-55g/12304/category/4722/display/1/
89,MISSHA Color Fit Stick Shadow 1.1g,11.16,4.46,60% OFF,https://jolse.com/product/missha-color-fit-stick-shadow-11g/11865/category/4722/display/1/
90,MISSHA Smudge Proof Wood Brow,8.66,3.46,60% OFF,https://jolse.com/product/missha-smudge-proof-wood-brow/8612/category/4722/display/1/
91,BRAYE LIPSLEEK 2.3g,21.50,15.05,30% OFF,https://jolse.com/product/braye-lipsleek-23g/83376/category/4722/display/1/
92,JAVIN DE SEOUL WINK CUSHION MATTE POCKET SPF50 PA+++ 8g,20.00,10.49,48% OFF,https://jolse.com/product/javin-de-seoul-wink-cushion-matte-pocket-spf50-pa-8g/83373/category/4722/display/1/
93,eglips Lip & Cheek Glow Balm 5g,17.00,14.45,15% OFF,https://jolse.com/product/eglips-lip-cheek-glow-balm-5g/83278/category/4722/display/1/
94,eglips everglow highlighter 5g,22.00,11.99,46% OFF,https://jolse.com/product/eglips-everglow-highlighter-5g/83275/category/4722/display/1/
95,INGA Blurring Velvet Matte Tint 5.3g,16.00,6.19,61% OFF,https://jolse.com/product/inga-blurring-velvet-matte-tint-53g/82723/category/4722/display/1/
96,INGA Powder Blur Lipstick 3.4g,17.00,6.49,62% OFF,https://jolse.com/product/inga-powder-blur-lipstick-34g/82500/category/4722/display/1/
97,hince Slim Stick Melting Matte 1.6g,17.00,7.69,55% OFF,https://jolse.com/product/hince-slim-stick-melting-matte-16g/82334/category/4722/display/1/
98,TFIT Radiance Fit Serum Foundation 30g,15.00,11.25,25% OFF,https://jolse.com/product/tfit-radiance-fit-serum-foundation-30g/81692/category/4722/display/1/
99,UNLEASHIA Baby Blue Cushion RE-FEEL(+Puff),20.00,17.00,15% OFF,https://jolse.com/product/unleashia-baby-blue-cushion-re-feelpuff/81543/category/4722/display/1/
100,heimish Moringa Ceramide BB Cream SPF30 PA++ 30g,22.00,11.49,48% OFF,https://jolse.com/product/heimish-moringa-ceramide-bb-cream-spf30-pa-30g/81093/category/4722/display/1/
101,It's Skin Secret Solution Wedding Dress Pure Cream 100ml,15.00,10.50,30% OFF,https://jolse.com/product/its-skin-secret-solution-wedding-dress-pure-cream-100ml/80404/category/4722/display/1/
102,Dinto Chubby Mocchi Jelly Paw Paw Lip Mask 10g,20.00,17.00,15% OFF,https://jolse.com/product/dinto-chubby-mocchi-jelly-paw-paw-lip-mask-10g/79744/category/4722/display/1/
103,hince Mood Enhancer Water Liquid Glow 4ml,19.00,8.99,53% OFF,https://jolse.com/product/hince-mood-enhancer-water-liquid-glow-4ml/78359/category/4722/display/1/
104,hince Dewy Liquid Cheek 6ml,18.99,16.14,15% OFF,https://jolse.com/product/hince-dewy-liquid-cheek-6ml/78357/category/4722/display/1/
105,ETUDE Dear Darling Marker Tint 3.5g,11.40,9.69,15% OFF,https://jolse.com/product/etude-dear-darling-marker-tint-35g/75563/category/4722/display/1/
106,RiRe Fivepen Eyebrow Tint 2.5g,25.00,5.00,80% OFF,https://jolse.com/product/rire-fivepen-eyebrow-tint-25g/75428/category/4722/display/1/
107,RiRe Glam Lip Plumper 3g,25.00,5.49,78% OFF,https://jolse.com/product/rire-glam-lip-plumper-3g/75426/category/4722/display/1/
108,JAVIN DE SEOUL Wink Cushion Glow 16g,30.00,25.50,15% OFF,https://jolse.com/product/javin-de-seoul-wink-cushion-glow-16g/74454/category/4722/display/1/
109,UNLEASHIA Mood Shower Face Palette 4g,26.00,11.99,54% OFF,https://jolse.com/product/unleashia-mood-shower-face-palette-4g/73027/category/4722/display/1/
110,A'PIEU Full Shot Hidden Contour #03 Taupe Gray,16.00,12.16,24% OFF,https://jolse.com/product/apieu-full-shot-hidden-contour-03-taupe-gray/68288/category/4722/display/1/
111,thim sheer matte liquid lip 4g,19.00,6.99,63% OFF,https://jolse.com/product/thim-sheer-matte-liquid-lip-4g/66091/category/4722/display/1/
112,Dr.Jart+ Dermakeup B3 Barrier Beauty Balm 30ml,35.00,19.60,44% OFF,https://jolse.com/product/drjart-dermakeup-b3-barrier-beauty-balm-30ml/62999/category/4722/display/1/
113,2aN Lip Oil 3g #Fall In Hibiscus,17.00,5.49,68% OFF,https://jolse.com/product/2an-lip-oil-3g-fall-in-hibiscus/55989/category/4722/display/1/
114,2aN Volume Curling Mascara 7.5g,19.00,5.89,69% OFF,https://jolse.com/product/2an-volume-curling-mascara-75g/55987/category/4722/display/1/
115,FRUDIA Pomegranate Honey 3in1 Lip Balm 10g,9.00,8.55,5% OFF,https://jolse.com/product/frudia-pomegranate-honey-3in1-lip-balm-10g/55753/category/4722/display/1/
116,ROUND LAB Birch Juice Moisturizing Sun Cushion 15g,27.00,22.95,15% OFF,https://jolse.com/product/round-lab-birch-juice-moisturizing-sun-cushion-15g/54031/category/4722/display/1/
117,peripera Ink Mood Glowy Tint 4g,15.00,12.75,15% OFF,https://jolse.com/product/peripera-ink-mood-glowy-tint-4g/52759/category/4722/display/1/
118,MISSHA Triple Shadow 2g,8.16,4.08,50% OFF,https://jolse.com/product/missha-triple-shadow-2g/28163/category/4722/display/1/
119,MISSHA Superfood Berry Lip Oil 5.2g,10.66,5.99,44% OFF,https://jolse.com/product/missha-superfood-berry-lip-oil-52g/17144/category/4722/display/1/
120,MISSHA Twin Brow Kit Gray Brown,12.66,4.56,64% OFF,https://jolse.com/product/missha-twin-brow-kit-gray-brown/12849/category/4722/display/1/
121,[1+1] TFIT Cover Up Pro Concealer 15g,28.00,19.60,30% OFF,https://jolse.com/product/11-tfit-cover-up-pro-concealer-15g/84291/category/4722/display/1/
122,Yepre Pretty Water Velvet Lasting Tint 2.6g,24.00,20.40,15% OFF,https://jolse.com/product/yepre-pretty-water-velvet-lasting-tint-26g/83490/category/4722/display/1/
123,BRAYE LIPSLEEK BLUR 3.2g,21.50,15.05,30% OFF,https://jolse.com/product/braye-lipsleek-blur-32g/83475/category/4722/display/1/
124,CORALHAZE Silky Glow Tone-up Base 30ml,25.00,10.49,58% OFF,https://jolse.com/product/coralhaze-silky-glow-tone-up-base-30ml/83090/category/4722/display/1/
125,ETUDE Look At My Eyes 2g,5.50,4.67,15% OFF,https://jolse.com/product/etude-look-at-my-eyes-2g/82934/category/4722/display/1/
126,Dr.Ceuracle Vegan Active Berry Lip Oil 4.5ml,16.00,6.99,56% OFF,https://jolse.com/product/drceuracle-vegan-active-berry-lip-oil-45ml/82474/category/4722/display/1/
127,hince True Dimension Layering Cheek 9.3g,29.00,16.49,43% OFF,https://jolse.com/product/hince-true-dimension-layering-cheek-93g/82335/category/4722/display/1/
128,hince Second Skin Foundation 40ml,36.00,19.49,46% OFF,https://jolse.com/product/hince-second-skin-foundation-40ml/82325/category/4722/display/1/
129,Milk Touch All-day Skin Fit Milky Glow Cushion 15g,27.00,20.25,25% OFF,https://jolse.com/product/milk-touch-all-day-skin-fit-milky-glow-cushion-15g/81763/category/4722/display/1/
130,hince New Depth Eyeshadow 3g,18.00,15.30,15% OFF,https://jolse.com/product/hince-new-depth-eyeshadow-3g/81613/category/4722/display/1/
131,Peripera Water Bare Tint,12.00,10.20,15% OFF,https://jolse.com/product/peripera-water-bare-tint/79764/category/4722/display/1/
132,fwee More Mood Eyeshadow Palette,32.00,25.60,20% OFF,https://jolse.com/product/fwee-more-mood-eyeshadow-palette/78720/category/4722/display/1/
133,NEOGEN Dermalogy Extra Slim Metal Maxicara SET 6ml + refill #Black,48.00,38.40,20% OFF,https://jolse.com/product/neogen-dermalogy-extra-slim-metal-maxicara-set-6ml-refill-black/78633/category/4722/display/1/
134,rom&nd Glasting Color Gloss 4g,13.99,0,0,https://jolse.com/product/romnd-glasting-color-gloss-4g/76549/category/4722/display/1/
135,MISSHA Layering Fit Cushion Semi Matte 14g,30.00,14.40,52% OFF,https://jolse.com/product/missha-layering-fit-cushion-semi-matte-14g/76538/category/4722/display/1/
136,moonshot Conscious Fit Matte Cushion Foundation 12g,21.50,18.27,15% OFF,https://jolse.com/product/moonshot-conscious-fit-matte-cushion-foundation-12g/76258/category/4722/display/1/
137,ETUDE Sebum soak Pact 9.5g,14.00,11.90,15% OFF,https://jolse.com/product/etude-sebum-soak-pact-95g/75897/category/4722/display/1/
138,ETUDE Dr.Mascara Fixer For Perfect Lash 6g,7.20,6.12,15% OFF,https://jolse.com/product/etude-drmascara-fixer-for-perfect-lash-6g/75696/category/4722/display/1/
139,ETUDE Sebum Soak Pore Primer 30g,18.00,12.60,30% OFF,https://jolse.com/product/etude-sebum-soak-pore-primer-30g/75308/category/4722/display/1/
140,Parnell Cicamanu Serum Cushion 15g,30.00,16.50,45% OFF,https://jolse.com/product/parnell-cicamanu-serum-cushion-15g/75002/category/4722/display/1/
141,KAINE Glow Melting Lip Balm 3.7g,14.00,6.99,50% OFF,https://jolse.com/product/kaine-glow-melting-lip-balm-37g/70848/category/4722/display/1/
142,ETUDE Glow Fixing Tint 3.8g,14.00,11.90,15% OFF,https://jolse.com/product/etude-glow-fixing-tint-38g/68899/category/4722/display/1/
143,ETUDE Ginger Sugar Essential Lip Balm 15ml,7.00,5.95,15% OFF,https://jolse.com/product/etude-ginger-sugar-essential-lip-balm-15ml/67076/category/4722/display/1/
144,thim refreshing glow lip balm 2.3g,19.00,7.19,62% OFF,https://jolse.com/product/thim-refreshing-glow-lip-balm-23g/66092/category/4722/display/1/
145,rom&nd Glasting Melting Balm 3.5g #Original,13.99,0,0,https://jolse.com/product/romnd-glasting-melting-balm-35g-original/62351/category/4722/display/1/
146,HOLIKA HOLIKA My Fave Pieces eye shadow 1.8g,15.00,4.50,70% OFF,https://jolse.com/product/holika-holika-my-fave-pieces-eye-shadow-18g/61785/category/4722/display/1/
147,numbuzin No.2 Goodbye Redness Derma Tone Up 50ml,24.00,19.20,20% OFF,https://jolse.com/product/numbuzin-no2-goodbye-redness-derma-tone-up-50ml/58767/category/4722/display/1/
148,2aN Long Lash Mascara 7.5g,19.00,5.89,69% OFF,https://jolse.com/product/2an-long-lash-mascara-75g/55986/category/4722/display/1/
149,FRUDIA Blueberry Hydrating Honey Lip Balm 10g,9.00,8.55,5% OFF,https://jolse.com/product/frudia-blueberry-hydrating-honey-lip-balm-10g/55751/category/4722/display/1/
150,numbuzin No.3 Porcelain Base-skip Tone Up Beige 50ml,24.00,19.20,20% OFF,https://jolse.com/product/numbuzin-no3-porcelain-base-skip-tone-up-beige-50ml/50738/category/4722/display/1/
151,rom&nd Han All Fix Mascara 7g,14.99,0,0,https://jolse.com/product/romnd-han-all-fix-mascara-7g/42860/category/4722/display/1/
152,rom&nd Juicy Lasting Tint Riped Fruit 5.5g,13.99,0,0,https://jolse.com/product/romnd-juicy-lasting-tint-riped-fruit-55g/40374/category/4722/display/1/
153,MISSHA M BB Boomer 40ml,15.16,9.40,38% OFF,https://jolse.com/product/missha-m-bb-boomer-40ml/39351/category/4722/display/1/
154,ISA KNOX Phyto Pro-Retinol Extreme Cover Cushion Refill 15g,19.24,13.47,30% OFF,https://jolse.com/product/isa-knox-phyto-pro-retinol-extreme-cover-cushion-refill-15g/28256/category/4722/display/1/
155,MISSHA Men's Cure Grooming Sense Lip Balm 3.7g,10.66,4.26,60% OFF,https://jolse.com/product/missha-mens-cure-grooming-sense-lip-balm-37g/28147/category/4722/display/1/
156,RiRe Quick Hair Cushion 14g,12.00,9.12,24% OFF,https://jolse.com/product/rire-quick-hair-cushion-14g/26918/category/4722/display/1/
157,skin79 Super+ Beblesh Balm SPF50+ PA+++ 40ml #Orange,27.06,13.99,48% OFF,https://jolse.com/product/skin79-super-beblesh-balm-spf50-pa-40ml-orange/20688/category/4722/display/1/
158,MISSHA Ultra Powerproof Pencil Eyeliner 0.2g,10.66,5.33,50% OFF,https://jolse.com/product/missha-ultra-powerproof-pencil-eyeliner-02g/20155/category/4722/display/1/
159,MISSHA Modern Shadow Glitter Prism 2g,11.57,4.63,60% OFF,https://jolse.com/product/missha-modern-shadow-glitter-prism-2g/18319/category/4722/display/1/
160,Petitfee Super Volume Lip Oil 3g,18.00,6.12,66% OFF,https://jolse.com/product/petitfee-super-volume-lip-oil-3g/18150/category/4722/display/1/
161,Elizavecca Milky Piggy BB Cream 50ml,18.00,9.36,48% OFF,https://jolse.com/product/elizavecca-milky-piggy-bb-cream-50ml/8379/category/4722/display/1/
162,ETUDE Oh m'Eye Line Liquid Eyeliner,8.00,6.80,15% OFF,https://jolse.com/product/etude-oh-meye-line-liquid-eyeliner/3937/category/4722/display/1/
163,SOME BY MI V10 HYAL LIP SUN PROTECTOR 7ml,12.29,8.60,30% OFF,https://jolse.com/product/some-by-mi-v10-hyal-lip-sun-protector-7ml/84226/category/4722/display/1/
164,hince New Depth Dual Color Stick 0.8g,17.00,8.69,49% OFF,https://jolse.com/product/hince-new-depth-dual-color-stick-08g/83178/category/4722/display/1/
165,INGA Tatoo Cushion 15g,25.00,11.99,52% OFF,https://jolse.com/product/inga-tatoo-cushion-15g/82495/category/4722/display/1/
166,ETUDE Dear Darling Water Gel Tint 5g,8.00,6.80,15% OFF,https://jolse.com/product/etude-dear-darling-water-gel-tint-5g/82378/category/4722/display/1/
167,hince All-Round Eye Palette 6.4g,26.00,15.49,40% OFF,https://jolse.com/product/hince-all-round-eye-palette-64g/82332/category/4722/display/1/
168,hince Second Skin Hydrating Primer 40ml,26.00,22.10,15% OFF,https://jolse.com/product/hince-second-skin-hydrating-primer-40ml/82330/category/4722/display/1/
169,hince Second Skin Cover Concealer 6.5g,17.00,7.69,55% OFF,https://jolse.com/product/hince-second-skin-cover-concealer-65g/82326/category/4722/display/1/
170,hince Mood Enhancer Lip Glow 5.5g,17.00,14.45,15% OFF,https://jolse.com/product/hince-mood-enhancer-lip-glow-55g/82280/category/4722/display/1/
171,ETUDE Heart Pop Blusher (24AD) 4g,13.00,9.10,30% OFF,https://jolse.com/product/etude-heart-pop-blusher-24ad-4g/82224/category/4722/display/1/
172,yeppda Niacinamide 3% Tone-Up Cream 50ml,10.00,8.50,15% OFF,https://jolse.com/product/yeppda-niacinamide-3-tone-up-cream-50ml/81313/category/4722/display/1/
173,heimish ARTLESS Perfect Cushion SPF50+ PA+++ 13g*2ea #25 Medium Beige,34.00,20.40,40% OFF,https://jolse.com/product/heimish-artless-perfect-cushion-spf50-pa-13g2ea-25-medium-beige/80970/category/4722/display/1/
174,mude Inspire volume curling mascara 8ml,18.00,8.79,51% OFF,https://jolse.com/product/mude-inspire-volume-curling-mascara-8ml/80752/category/4722/display/1/
175,BLIV:U Collagen Bouncing BB Cream 50ml,35.76,22.43,37% OFF,https://jolse.com/product/blivu-collagen-bouncing-bb-cream-50ml/79881/category/4722/display/1/
176,Dinto Melting-Glow Lip Balm 1.7g,20.00,17.00,15% OFF,https://jolse.com/product/dinto-melting-glow-lip-balm-17g/79695/category/4722/display/1/
177,fwee Powder Suede 10.5g,15.00,12.00,20% OFF,https://jolse.com/product/fwee-powder-suede-105g/78723/category/4722/display/1/
178,fwee Cushion Glass Natural 13g,26.00,20.80,20% OFF,https://jolse.com/product/fwee-cushion-glass-natural-13g/78681/category/4722/display/1/
179,NEOGEN Dermalogy Extra Volumecurl Metal Maxicara 4ml,38.00,30.40,20% OFF,https://jolse.com/product/neogen-dermalogy-extra-volumecurl-metal-maxicara-4ml/78634/category/4722/display/1/
180,SKINFOOD BUCKWHEAT LOOSE POWDER 15g,11.00,8.80,20% OFF,https://jolse.com/product/skinfood-buckwheat-loose-powder-15g/77331/category/4722/display/1/
181,A'PIEU Juicy Pang Water Blusher 9g,15.00,7.80,48% OFF,https://jolse.com/product/apieu-juicy-pang-water-blusher-9g/76704/category/4722/display/1/
182,CODE GLOKOLOR Mono Brow Cara 6g,10.00,8.50,15% OFF,https://jolse.com/product/code-glokolor-mono-brow-cara-6g/76315/category/4722/display/1/
183,VT Cica No-Sebum UV Powder 5g,8.64,7.78,10% OFF,https://jolse.com/product/vt-cica-no-sebum-uv-powder-5g/75889/category/4722/display/1/
184,PURITO Wonder Releaf Centella BB Cushion 15g + Refill 15g,30.00,25.50,15% OFF,https://jolse.com/product/purito-wonder-releaf-centella-bb-cushion-15g-refill-15g/75852/category/4722/display/1/
185,moonshot Conscious Fit Glow Cushion Foundation 12g,21.50,18.27,15% OFF,https://jolse.com/product/moonshot-conscious-fit-glow-cushion-foundation-12g/75424/category/4722/display/1/
186,Dr.Jart+ Pore·remedy Smoothing Primer 30ml,40.00,20.80,48% OFF,https://jolse.com/product/drjart-pore·remedy-smoothing-primer-30ml/75305/category/4722/display/1/
187,VT Reedle Shot Lip Plumper Beginner 4.3g,14.40,12.96,10% OFF,https://jolse.com/product/vt-reedle-shot-lip-plumper-beginner-43g/75256/category/4722/display/1/
188,Parnell Cicamanu Skinfit Cover Concealer 5g,15.00,9.75,35% OFF,https://jolse.com/product/parnell-cicamanu-skinfit-cover-concealer-5g/75035/category/4722/display/1/
189,Parnell Cicamanu Skin Fit Foundation 30ml,37.00,20.35,45% OFF,https://jolse.com/product/parnell-cicamanu-skin-fit-foundation-30ml/75034/category/4722/display/1/
190,ETUDE Over Glowy Tint 3g,14.00,11.90,15% OFF,https://jolse.com/product/etude-over-glowy-tint-3g/74213/category/4722/display/1/
191,rom&nd Glasting Water Tint #Sunset 4g,13.99,0,0,https://jolse.com/product/romnd-glasting-water-tint-sunset-4g/73414/category/4722/display/1/
192,Dr.Jart+ Dermakeup Rejuvenating Beauty Balm SPF40 PA+++ 50ml,31.00,17.98,42% OFF,https://jolse.com/product/drjart-dermakeup-rejuvenating-beauty-balm-spf40-pa-50ml/73093/category/4722/display/1/
193,lilybyred Mood Liar Velvet Tint 4.2g,13.00,11.05,15% OFF,https://jolse.com/product/lilybyred-mood-liar-velvet-tint-42g/72644/category/4722/display/1/
194,JUNGSAEMMOOL Essential Skin Nuder Cushion 14g + Refill SET,42.00,35.70,15% OFF,https://jolse.com/product/jungsaemmool-essential-skin-nuder-cushion-14g-refill-set/71807/category/4722/display/1/
195,ETUDE Dear Darling Oil Tint 4.2g,11.40,9.69,15% OFF,https://jolse.com/product/etude-dear-darling-oil-tint-42g/71521/category/4722/display/1/
196,GLINT Tone Up Cream 45ml,24.00,20.40,15% OFF,https://jolse.com/product/glint-tone-up-cream-45ml/71451/category/4722/display/1/
197,TPSY Flush Blush 6g,20.00,17.00,15% OFF,https://jolse.com/product/tpsy-flush-blush-6g/71282/category/4722/display/1/
198,THE FACE SHOP Coloring Stick Eye Shadow 1.3g,8.50,7.22,15% OFF,https://jolse.com/product/the-face-shop-coloring-stick-eye-shadow-13g/70258/category/4722/display/1/
199,COSRX Full Fit Propolis Lip Sleeping Mask 20g,22.00,15.40,30% OFF,https://jolse.com/product/cosrx-full-fit-propolis-lip-sleeping-mask-20g/70095/category/4722/display/1/
200,ETUDE Fixing Tint Bar 3.2g,16.00,13.60,15% OFF,https://jolse.com/product/etude-fixing-tint-bar-32g/69984/category/4722/display/1/
201,ARIUL Ink Feather Cover Lasting Cushion,38.00,32.30,15% OFF,https://jolse.com/product/ariul-ink-feather-cover-lasting-cushion/69961/category/4722/display/1/
202,THANK YOU FARMER Be Beautiful Natural BB Cream 40ml,32.00,27.20,15% OFF,https://jolse.com/product/thank-you-farmer-be-beautiful-natural-bb-cream-40ml/69283/category/4722/display/1/
203,MISSHA Dare Rouge Sheer Sleek 3.5g #Red Marmalade,19.00,7.60,60% OFF,https://jolse.com/product/missha-dare-rouge-sheer-sleek-35g-red-marmalade/68903/category/4722/display/1/
204,ETUDE Proof 10 Gel Pencil Liner 0.3g,6.70,5.69,15% OFF,https://jolse.com/product/etude-proof-10-gel-pencil-liner-03g/68876/category/4722/display/1/
205,rom&nd Twinkle Pen Liner 0.5g,10.00,0,0,https://jolse.com/product/romnd-twinkle-pen-liner-05g/68404/category/4722/display/1/
206,rom&nd better than finish 12g,9.99,0,0,https://jolse.com/product/romnd-better-than-finish-12g/67673/category/4722/display/1/
207,JUNGSAEMMOOL Skin Setting Tone Correcting Base 40ml,32.00,27.20,15% OFF,https://jolse.com/product/jungsaemmool-skin-setting-tone-correcting-base-40ml/67103/category/4722/display/1/
208,JUNGSAEMMOOL Skin Setting Smoothing Base 40ml,32.00,27.20,15% OFF,https://jolse.com/product/jungsaemmool-skin-setting-smoothing-base-40ml/67101/category/4722/display/1/
209,JUNGSAEMMOOL Skin Setting Glowing Base 40ml,32.00,27.20,15% OFF,https://jolse.com/product/jungsaemmool-skin-setting-glowing-base-40ml/67099/category/4722/display/1/
210,ETUDE Dr.Mascara Fixer For Super Long Lash 6g,8.00,6.80,15% OFF,https://jolse.com/product/etude-drmascara-fixer-for-super-long-lash-6g/67097/category/4722/display/1/
211,BBIA Last Powder Lipstick Ⅰ 3.5g,11.60,4.87,58% OFF,https://jolse.com/product/bbia-last-powder-lipstick-35g/66394/category/4722/display/1/
212,SKINFOOD Peach Cotton Multi Finish Powder 15g,14.00,9.29,34% OFF,https://jolse.com/product/skinfood-peach-cotton-multi-finish-powder-15g/66277/category/4722/display/1/
213,SKINFOOD Avocado & Olive Lip Balm 12g,8.00,4.48,44% OFF,https://jolse.com/product/skinfood-avocado-olive-lip-balm-12g/66275/category/4722/display/1/
214,thim mild deep clean lip & eye remover 100ml,15.00,12.75,15% OFF,https://jolse.com/product/thim-mild-deep-clean-lip-eye-remover-100ml/66093/category/4722/display/1/
215,thim artist touch eyeliner duo 0.12g / 0.22g,24.00,8.39,65% OFF,https://jolse.com/product/thim-artist-touch-eyeliner-duo-012g-022g/66088/category/4722/display/1/
216,thim luminous skin cushion 15g*2,54.00,20.49,62% OFF,https://jolse.com/product/thim-luminous-skin-cushion-15g2/66053/category/4722/display/1/
217,BBIA Last Auto Eyebrow Pencil 0.25g,8.00,4.80,40% OFF,https://jolse.com/product/bbia-last-auto-eyebrow-pencil-025g/65939/category/4722/display/1/
218,Dinto Wooncho Blur-Glowy Foundation 25ml,36.00,30.60,15% OFF,https://jolse.com/product/dinto-wooncho-blur-glowy-foundation-25ml/65767/category/4722/display/1/
219,Dinto Wooncho Light-Veil Concealer 4.5g,19.00,16.15,15% OFF,https://jolse.com/product/dinto-wooncho-light-veil-concealer-45g/65765/category/4722/display/1/
220,Dinto Blur-Finish All that Moments Blusher 4.4g,19.00,6.49,66% OFF,https://jolse.com/product/dinto-blur-finish-all-that-moments-blusher-44g/65754/category/4722/display/1/
221,JAVIN DE SEOUL HUGGING SKIN TINT 30g SPF 50 PA+++,36.00,30.60,15% OFF,https://jolse.com/product/javin-de-seoul-hugging-skin-tint-30g-spf-50-pa/65435/category/4722/display/1/
222,rom&nd Best Tint Edition,22.90,0,0,https://jolse.com/product/romnd-best-tint-edition/64399/category/4722/display/1/
223,rom&nd Juicy Lasting Tint New Bare 5.5g,13.99,0,0,https://jolse.com/product/romnd-juicy-lasting-tint-new-bare-55g/64398/category/4722/display/1/
224,Sisua by Unleashia Butter Waffle Dough Blusher 8g,19.00,9.99,47% OFF,https://jolse.com/product/sisua-by-unleashia-butter-waffle-dough-blusher-8g/64264/category/4722/display/1/
225,CLIO Kill Cover The NEW Founwear Cushion+Refill SPF50+ PA+++,36.00,30.60,15% OFF,https://jolse.com/product/clio-kill-cover-the-new-founwear-cushionrefill-spf50-pa/63895/category/4722/display/1/
226,Dr.G GREEN DEEP LIP&EYE REMOVER 120ml,17.00,11.90,30% OFF,https://jolse.com/product/drg-green-deep-lipeye-remover-120ml/63565/category/4722/display/1/
227,rom&nd HAN ALL BROW CARA 9g,12.50,0,0,https://jolse.com/product/romnd-han-all-brow-cara-9g/63396/category/4722/display/1/
228,Mary&May Vegan Primer Glow Sun Cream SPF50+ PA++++ 50ml,30.00,25.50,15% OFF,https://jolse.com/product/marymay-vegan-primer-glow-sun-cream-spf50-pa-50ml/63005/category/4722/display/1/
229,AMUSE JEL-FIT TINT 3.8g,20.00,17.00,15% OFF,https://jolse.com/product/amuse-jel-fit-tint-38g/62703/category/4722/display/1/
230,rom&nd BARE WATER CUSHION 20g,24.00,0,0,https://jolse.com/product/romnd-bare-water-cushion-20g/62349/category/4722/display/1/
231,ETUDE Ginger Sugar Lip Balm Stick 3.7g,8.00,5.60,30% OFF,https://jolse.com/product/etude-ginger-sugar-lip-balm-stick-37g/62318/category/4722/display/1/
232,BBIA Last Auto Gel Eyeliner Slim 0.1g (22AD),15.00,4.50,70% OFF,https://jolse.com/product/bbia-last-auto-gel-eyeliner-slim-01g-22ad/60706/category/4722/display/1/
233,ETUDE Play Color Eyes 7.2g #Casa Fig,25.00,17.50,30% OFF,https://jolse.com/product/etude-play-color-eyes-72g-casa-fig/60574/category/4722/display/1/
234,numbuzin No.1 Pure Glass Clean Tone Up SPF50+ PA++++ 50ml,24.00,19.20,20% OFF,https://jolse.com/product/numbuzin-no1-pure-glass-clean-tone-up-spf50-pa-50ml/58763/category/4722/display/1/
235,ETUDE Tinting eyeliner 0.5g,14.00,11.90,15% OFF,https://jolse.com/product/etude-tinting-eyeliner-05g/56672/category/4722/display/1/
236,PICCASSO 270 Concealer brush 1ea,28.00,17.36,38% OFF,https://jolse.com/product/piccasso-270-concealer-brush-1ea/55754/category/4722/display/1/
237,"mude Shawl Moment Eyeshadow Palette 7.5g #01, #02",32.00,27.20,15% OFF,https://jolse.com/product/mude-shawl-moment-eyeshadow-palette-75g-01-02/55331/category/4722/display/1/
238,AMUSE Dew Jelly Vegan Cushion 15g,37.00,31.45,15% OFF,https://jolse.com/product/amuse-dew-jelly-vegan-cushion-15g/54606/category/4722/display/1/
239,so natural Vegan Make up Calm Fixx 100ml,19.20,13.49,30% OFF,https://jolse.com/product/so-natural-vegan-make-up-calm-fixx-100ml/42970/category/4722/display/1/
240,so natural SO Vegan Calming BB Cream 30ml,21.00,12.99,38% OFF,https://jolse.com/product/so-natural-so-vegan-calming-bb-cream-30ml/42925/category/4722/display/1/
241,SOME BY MI Trucica Mineral Calming Tone Up Sunscreen 50ml,22.57,15.80,30% OFF,https://jolse.com/product/some-by-mi-trucica-mineral-calming-tone-up-sunscreen-50ml/42208/category/4722/display/1/
242,rom&nd Zero Velvet Tint Vintage Filter 5.5g,13.99,0,0,https://jolse.com/product/romnd-zero-velvet-tint-vintage-filter-55g/40394/category/4722/display/1/
243,MISSHA Cicadin Rescue Ato Mega Sun Protection Cushion SPF50+ PA++++ 25g,22.16,13.74,38% OFF,https://jolse.com/product/missha-cicadin-rescue-ato-mega-sun-protection-cushion-spf50-pa-25g/39325/category/4722/display/1/
244,MISSHA Airy Pot Powder 9g,15.30,9.18,40% OFF,https://jolse.com/product/missha-airy-pot-powder-9g/33955/category/4722/display/1/
245,MISSHA Cotton Mix Contour 11g,17.50,9.99,43% OFF,https://jolse.com/product/missha-cotton-mix-contour-11g/33953/category/4722/display/1/
246,MISSHA Safe Block RX Cover Tone Up Sun Cushion SPF50+ PA++++ 14g,24.98,12.49,50% OFF,https://jolse.com/product/missha-safe-block-rx-cover-tone-up-sun-cushion-spf50-pa-14g/33943/category/4722/display/1/
247,ISA KNOX Phyto Pro-Retinol Extreme Cover Cushion 15g + Refill 15g,34.99,24.49,30% OFF,https://jolse.com/product/isa-knox-phyto-pro-retinol-extreme-cover-cushion-15g-refill-15g/28255/category/4722/display/1/
248,MISSHA Radiance Perfect Fit Foundation SPF30 PA++ 35ml,18.16,12.71,30% OFF,https://jolse.com/product/missha-radiance-perfect-fit-foundation-spf30-pa-35ml/28140/category/4722/display/1/
249,MISSHA Glitter Prism Liquid 3g,11.66,5.36,54% OFF,https://jolse.com/product/missha-glitter-prism-liquid-3g/28113/category/4722/display/1/
250,MISSHA Glow Tone Up Rose Pact SPF50+ PA++++ 11g,19.16,13.03,32% OFF,https://jolse.com/product/missha-glow-tone-up-rose-pact-spf50-pa-11g/27878/category/4722/display/1/
251,MISSHA Ultra Powerproof Pencil Eyeliner Refill 0.2g,7.66,3.06,60% OFF,https://jolse.com/product/missha-ultra-powerproof-pencil-eyeliner-refill-02g/20156/category/4722/display/1/
252,MISSHA 3D Mascara 7g,7.16,3.89,46% OFF,https://jolse.com/product/missha-3d-mascara-7g/19621/category/4722/display/1/
253,MISSHA Superfood Avocado Lip Balm 5.2g,9.66,3.86,60% OFF,https://jolse.com/product/missha-superfood-avocado-lip-balm-52g/17146/category/4722/display/1/
254,MISSHA Superfood Honey Lip Oil 5.2g,10.66,4.69,56% OFF,https://jolse.com/product/missha-superfood-honey-lip-oil-52g/17141/category/4722/display/1/
255,HOLIKA HOLIKA Wonder Drawing Skinny Eyebrow 0.5g,10.16,4.67,54% OFF,https://jolse.com/product/holika-holika-wonder-drawing-skinny-eyebrow-05g/16361/category/4722/display/1/
256,MISSHA Cotton Contour 4g,10.66,4.19,61% OFF,https://jolse.com/product/missha-cotton-contour-4g/14234/category/4722/display/1/
257,MISSHA Radiance Foundation SPF20 PA++ 35ml,23.16,12.51,46% OFF,https://jolse.com/product/missha-radiance-foundation-spf20-pa-35ml/13689/category/4722/display/1/
258,BBIA Last Eye Primer 5g,12.10,3.87,68% OFF,https://jolse.com/product/bbia-last-eye-primer-5g/12333/category/4722/display/1/
259,Petitfee Snow Lotus White Tone Up Cream 50ml,14.00,8.96,36% OFF,https://jolse.com/product/petitfee-snow-lotus-white-tone-up-cream-50ml/11236/category/4722/display/1/
260,Petitfee Oil Blossom Lip Mask Camelia Seed Oil 15g,18.00,10.44,42% OFF,https://jolse.com/product/petitfee-oil-blossom-lip-mask-camelia-seed-oil-15g/11232/category/4722/display/1/
261,Petitfee Oil Blossom Lip Mask Sea Buckthorn Oil 15g,18.00,10.44,42% OFF,https://jolse.com/product/petitfee-oil-blossom-lip-mask-sea-buckthorn-oil-15g/11231/category/4722/display/1/
262,heimish ARTLESS Perfect Cushion SPF50+PA+++ 14g (including refill),34.00,18.70,45% OFF,https://jolse.com/product/heimish-artless-perfect-cushion-spf50pa-14g-including-refill/8135/category/4722/display/1/
263,BRAYE EFFORTLESS CUSHION THIN COVER,38.00,26.60,30% OFF,https://jolse.com/product/braye-effortless-cushion-thin-cover/83491/category/4722/display/1/
264,BRAYE THIN GLOW TINT 3.6g,17.00,11.90,30% OFF,https://jolse.com/product/braye-thin-glow-tint-36g/83480/category/4722/display/1/
265,CORALHAZE Idol AEGYO SAL Maker 0.5g,15.00,12.75,15% OFF,https://jolse.com/product/coralhaze-idol-aegyo-sal-maker-05g/83173/category/4722/display/1/
266,CORALHAZE Volumizing Lip Fondue 2g,18.00,15.30,15% OFF,https://jolse.com/product/coralhaze-volumizing-lip-fondue-2g/83087/category/4722/display/1/
267,CORALHAZE Soft Blur Cheek 3.9g,13.00,7.99,39% OFF,https://jolse.com/product/coralhaze-soft-blur-cheek-39g/83086/category/4722/display/1/
268,ETUDE My Own Gemstone Play Color Eyes 3.5g,18.00,15.30,15% OFF,https://jolse.com/product/etude-my-own-gemstone-play-color-eyes-35g/82936/category/4722/display/1/
269,ETUDE Look At My Eyes Duo 2.3g,12.00,10.20,15% OFF,https://jolse.com/product/etude-look-at-my-eyes-duo-23g/82802/category/4722/display/1/
270,Etude My Own Gemstone Over Glowy Tint 3g,14.00,11.90,15% OFF,https://jolse.com/product/etude-my-own-gemstone-over-glowy-tint-3g/82796/category/4722/display/1/
271,INGA Stage Long&Curl Mascara 6g,14.00,5.99,57% OFF,https://jolse.com/product/inga-stage-longcurl-mascara-6g/82718/category/4722/display/1/
272,INGA Shine Eyes Stick Shadow 0.54g,11.00,9.35,15% OFF,https://jolse.com/product/inga-shine-eyes-stick-shadow-054g/82717/category/4722/display/1/
273,INGA Water Glow Lip Tint 4.5g,13.00,11.05,15% OFF,https://jolse.com/product/inga-water-glow-lip-tint-45g/82502/category/4722/display/1/
274,INGA Water Glow Daily Cushion 9g,25.00,11.99,52% OFF,https://jolse.com/product/inga-water-glow-daily-cushion-9g/82499/category/4722/display/1/
275,INGA Tatoo Foundation 30ml,25.00,11.99,52% OFF,https://jolse.com/product/inga-tatoo-foundation-30ml/82494/category/4722/display/1/
276,ETUDE Not Bad Over Glowy Tint 3g,14.00,11.90,15% OFF,https://jolse.com/product/etude-not-bad-over-glowy-tint-3g/82469/category/4722/display/1/
277,MIGUHARA Spotlight Blush Drop #Sugar Fairy 30ml,28.00,18.00,36% OFF,https://jolse.com/product/miguhara-spotlight-blush-drop-sugar-fairy-30ml/82377/category/4722/display/1/
278,MIGUHARA Spotlight Gold Drop #Champagne Gold 30ml,28.00,23.80,15% OFF,https://jolse.com/product/miguhara-spotlight-gold-drop-champagne-gold-30ml/82376/category/4722/display/1/
279,hince True Dimension Glow Cheek 9g,23.00,12.99,44% OFF,https://jolse.com/product/hince-true-dimension-glow-cheek-9g/82333/category/4722/display/1/
280,hince Second Skin Tone Up Base 35ml,28.00,23.80,15% OFF,https://jolse.com/product/hince-second-skin-tone-up-base-35ml/82331/category/4722/display/1/
281,TFIT Layering Fit Glow Cushion EX 12g,20.00,15.00,25% OFF,https://jolse.com/product/tfit-layering-fit-glow-cushion-ex-12g/81695/category/4722/display/1/
282,TFIT Layering Fit Cover Cushion EX 12g,20.00,15.00,25% OFF,https://jolse.com/product/tfit-layering-fit-cover-cushion-ex-12g/81694/category/4722/display/1/
283,hince Mood Enhancer Matte 3.5g,19.00,16.15,15% OFF,https://jolse.com/product/hince-mood-enhancer-matte-35g/81693/category/4722/display/1/
284,hince New Depth Eyeshadow Palette 9.8g,39.00,33.15,15% OFF,https://jolse.com/product/hince-new-depth-eyeshadow-palette-98g/81684/category/4722/display/1/
285,UNLEASHIA Cushion Case Only (3 Types) 1ea,18.00,15.30,15% OFF,https://jolse.com/product/unleashia-cushion-case-only-3-types-1ea/81502/category/4722/display/1/
286,Dinto Repairing Lip Essence Mask 3g #100 Pullus,20.00,17.00,15% OFF,https://jolse.com/product/dinto-repairing-lip-essence-mask-3g-100-pullus/81308/category/4722/display/1/
287,heimish Dailism Lip Gloss 4g,14.00,9.29,34% OFF,https://jolse.com/product/heimish-dailism-lip-gloss-4g/81095/category/4722/display/1/
288,heimish Moringa Ceramide Pressed Setting Powder 5g,18.00,14.40,20% OFF,https://jolse.com/product/heimish-moringa-ceramide-pressed-setting-powder-5g/81094/category/4722/display/1/
289,Dr.Melaxin BP Spicule Plumping Lip Shot 4ml,23.14,15.00,35% OFF,https://jolse.com/product/drmelaxin-bp-spicule-plumping-lip-shot-4ml/80763/category/4722/display/1/
290,mude Inspire Longlash Curling Mascara 8ml,18.00,8.79,51% OFF,https://jolse.com/product/mude-inspire-longlash-curling-mascara-8ml/80748/category/4722/display/1/
291,THE SAEM Eco Soul Luxury Gold Pact 9g #21 Light Beige,25.00,21.25,15% OFF,https://jolse.com/product/the-saem-eco-soul-luxury-gold-pact-9g-21-light-beige/80741/category/4722/display/1/
292,THE FACE SHOP Oil Clear Blotting Loose Powder 7g,9.00,7.65,15% OFF,https://jolse.com/product/the-face-shop-oil-clear-blotting-loose-powder-7g/80437/category/4722/display/1/
293,VDL Cover Stain Perfecting Foundation 30ml,38.00,32.30,15% OFF,https://jolse.com/product/vdl-cover-stain-perfecting-foundation-30ml/80432/category/4722/display/1/
294,Ariul Ink Feather Cover Lasting Cushion Refill 15g,24.00,20.40,15% OFF,https://jolse.com/product/ariul-ink-feather-cover-lasting-cushion-refill-15g/80413/category/4722/display/1/
295,FRESHIAN Waterful Tone up Cream Vegan 35ml,30.00,25.50,15% OFF,https://jolse.com/product/freshian-waterful-tone-up-cream-vegan-35ml/80390/category/4722/display/1/
296,Chasin' Rabbits All about Glow Tone-up Cream 50ml,13.00,9.10,30% OFF,https://jolse.com/product/chasin-rabbits-all-about-glow-tone-up-cream-50ml/80332/category/4722/display/1/
297,so natural All Day Tight Make Up Setting Fixx 75ml,18.00,15.30,15% OFF,https://jolse.com/product/so-natural-all-day-tight-make-up-setting-fixx-75ml/80331/category/4722/display/1/
298,MISSHA Layering Fit Foundation Semi Glow 35ml,34.00,19.38,43% OFF,https://jolse.com/product/missha-layering-fit-foundation-semi-glow-35ml/79937/category/4722/display/1/
299,CLIO Kill Cover Powder Foundation 9g,34.00,28.90,15% OFF,https://jolse.com/product/clio-kill-cover-powder-foundation-9g/79770/category/4722/display/1/
300,CLIO Prism Highlighter 7g #002 Fairy Pink,24.00,20.40,15% OFF,https://jolse.com/product/clio-prism-highlighter-7g-002-fairy-pink/79767/category/4722/display/1/
301,CLIO Kill Cover Founwear Conceal 6g #Pure Joy,23.00,19.55,15% OFF,https://jolse.com/product/clio-kill-cover-founwear-conceal-6g-pure-joy/79766/category/4722/display/1/
302,CLIO Sharp So Simple Brow Pencil,14.00,11.90,15% OFF,https://jolse.com/product/clio-sharp-so-simple-brow-pencil/79762/category/4722/display/1/
303,CLIO Extreme Gelpresso Pencil Liner,12.00,10.20,15% OFF,https://jolse.com/product/clio-extreme-gelpresso-pencil-liner/79757/category/4722/display/1/
304,CLIO Kill Cover Airy-Fit Concealer #1.5 Fair,12.00,10.20,15% OFF,https://jolse.com/product/clio-kill-cover-airy-fit-concealer-15-fair/79694/category/4722/display/1/
305,CLIO Pro Eye Palette Air 1.6g,34.00,28.90,15% OFF,https://jolse.com/product/clio-pro-eye-palette-air-16g/79693/category/4722/display/1/
306,LAGOM Brightening Tone Up Sun SPF 50+ PA++++ 40ml,43.00,36.55,15% OFF,https://jolse.com/product/lagom-brightening-tone-up-sun-spf-50-pa-40ml/79592/category/4722/display/1/
307,goodal Peach Blossom 2X Tone Up Cream 50ml,18.00,15.30,15% OFF,https://jolse.com/product/goodal-peach-blossom-2x-tone-up-cream-50ml/79588/category/4722/display/1/
308,goodal Peach Blossom Daily Tone Up Cream 50ml,18.00,15.30,15% OFF,https://jolse.com/product/goodal-peach-blossom-daily-tone-up-cream-50ml/79587/category/4722/display/1/
309,fwee Dual Under-Eye Fullfiller 0.6g,15.00,12.00,20% OFF,https://jolse.com/product/fwee-dual-under-eye-fullfiller-06g/78722/category/4722/display/1/
310,fwee All-twin Dual Liner 0.18g,16.00,12.80,20% OFF,https://jolse.com/product/fwee-all-twin-dual-liner-018g/78721/category/4722/display/1/
311,fwee Cushion Egg-Fit Cover 13g,26.00,20.80,20% OFF,https://jolse.com/product/fwee-cushion-egg-fit-cover-13g/78682/category/4722/display/1/
312,fwee 4D Voluming Plumper 4.8g,15.00,12.00,20% OFF,https://jolse.com/product/fwee-4d-voluming-plumper-48g/78679/category/4722/display/1/
313,fwee 3D Changing Gloss 5.3g,17.00,13.60,20% OFF,https://jolse.com/product/fwee-3d-changing-gloss-53g/78678/category/4722/display/1/
314,twinklent Cat Eyes Super Pencil 0.5g,9.80,8.33,15% OFF,https://jolse.com/product/twinklent-cat-eyes-super-pencil-05g/78635/category/4722/display/1/
315,NEOGEN Dermalogy Extra Slim Metal Maxicara 6ml #Black,42.00,33.60,20% OFF,https://jolse.com/product/neogen-dermalogy-extra-slim-metal-maxicara-6ml-black/78632/category/4722/display/1/
316,hince Signature Brow Pencil 0.2g,19.99,8.59,57% OFF,https://jolse.com/product/hince-signature-brow-pencil-02g/78512/category/4722/display/1/
317,hince Signature Brow Shaper 4ml,17.99,15.29,15% OFF,https://jolse.com/product/hince-signature-brow-shaper-4ml/78363/category/4722/display/1/
318,hince Second Skin Airy Powder 12g,29.00,24.65,15% OFF,https://jolse.com/product/hince-second-skin-airy-powder-12g/78362/category/4722/display/1/
319,hince Second Skin Mesh Matte Cushion 12g,34.00,28.90,15% OFF,https://jolse.com/product/hince-second-skin-mesh-matte-cushion-12g/78361/category/4722/display/1/
320,hince Second Skin Glow Cushion 12g,34.00,28.90,15% OFF,https://jolse.com/product/hince-second-skin-glow-cushion-12g/78360/category/4722/display/1/
321,GROUNDPLAN Natural Cushion 15g,35.00,29.75,15% OFF,https://jolse.com/product/groundplan-natural-cushion-15g/77481/category/4722/display/1/
322,GROUNDPLAN Light Cushion 15g,35.00,29.75,15% OFF,https://jolse.com/product/groundplan-light-cushion-15g/77480/category/4722/display/1/
323,PINATE Bare Glow Peptide Melting Balm 1.8g,28.00,23.80,15% OFF,https://jolse.com/product/pinate-bare-glow-peptide-melting-balm-18g/77316/category/4722/display/1/
324,PINATE Natural Bloom Lip Oil Serum Dohwa Set 4.3ml*3ea,84.00,71.40,15% OFF,https://jolse.com/product/pinate-natural-bloom-lip-oil-serum-dohwa-set-43ml3ea/77315/category/4722/display/1/
325,PINATE Natural Bloom Lip Oil Serum 4.3ml,28.00,23.80,15% OFF,https://jolse.com/product/pinate-natural-bloom-lip-oil-serum-43ml/77314/category/4722/display/1/
326,Milk Touch Best Friends House Eye Palette 9.3g,29.00,23.20,20% OFF,https://jolse.com/product/milk-touch-best-friends-house-eye-palette-93g/77056/category/4722/display/1/
327,Shimoment Skin-like Toneupdation 30ml,32.00,27.20,15% OFF,https://jolse.com/product/shimoment-skin-like-toneupdation-30ml/77042/category/4722/display/1/
328,Milk Touch Jelly Fit Tinted Glow Tint 4g,15.00,12.00,20% OFF,https://jolse.com/product/milk-touch-jelly-fit-tinted-glow-tint-4g/76711/category/4722/display/1/
329,A'PIEU Juicy Pang Tint 3.5g,12.00,10.80,10% OFF,https://jolse.com/product/apieu-juicy-pang-tint-35g/76703/category/4722/display/1/
330,A'PIEU Waterlock Cushion 15g,26.00,23.40,10% OFF,https://jolse.com/product/apieu-waterlock-cushion-15g/76608/category/4722/display/1/
331,AMUSE Lip & Cheek Healthy Balm 3g,17.00,14.45,15% OFF,https://jolse.com/product/amuse-lip-cheek-healthy-balm-3g/76595/category/4722/display/1/
332,Unleashia Easy Glide Flat Eyeliner 0.15g,15.00,12.75,15% OFF,https://jolse.com/product/unleashia-easy-glide-flat-eyeliner-015g/76533/category/4722/display/1/
333,CODE GLOKOLOR Fix On Primer In Foundation 40ml,20.00,17.00,15% OFF,https://jolse.com/product/code-glokolor-fix-on-primer-in-foundation-40ml/76486/category/4722/display/1/
334,CODE GLOKOLOR Bling Glitter 4.5g,15.00,12.75,15% OFF,https://jolse.com/product/code-glokolor-bling-glitter-45g/76485/category/4722/display/1/
335,CODE GLOKOLOR Oil Cut Pink Beam Pact 8g,12.00,9.84,18% OFF,https://jolse.com/product/code-glokolor-oil-cut-pink-beam-pact-8g/76484/category/4722/display/1/
336,CODE GLOKOLOR Fix On Glow Tint 4.2g,16.00,13.60,15% OFF,https://jolse.com/product/code-glokolor-fix-on-glow-tint-42g/76330/category/4722/display/1/
337,CODE GLOKOLOR Fix On Primer In Tint 4.7g,16.00,13.60,15% OFF,https://jolse.com/product/code-glokolor-fix-on-primer-in-tint-47g/76329/category/4722/display/1/
338,CODE GLOKOLOR Glow Balm 5g,16.00,13.60,15% OFF,https://jolse.com/product/code-glokolor-glow-balm-5g/76328/category/4722/display/1/
339,CODE GLOKOLOR Mood Touch Blusher 3.5g,12.00,10.20,15% OFF,https://jolse.com/product/code-glokolor-mood-touch-blusher-35g/76314/category/4722/display/1/
340,CODE GLOKOLOR Mono Brow Pencil Auto 0.35g,9.00,7.65,15% OFF,https://jolse.com/product/code-glokolor-mono-brow-pencil-auto-035g/76313/category/4722/display/1/
341,CODE GLOKOLOR 4 Tips Brow Tint 2g,14.00,11.90,15% OFF,https://jolse.com/product/code-glokolor-4-tips-brow-tint-2g/76312/category/4722/display/1/
342,CODE GLOKOLOR Super Lasting Slim Gel Pencil Liner 0.05g,11.00,9.35,15% OFF,https://jolse.com/product/code-glokolor-super-lasting-slim-gel-pencil-liner-005g/76311/category/4722/display/1/
343,CODE GLOKOLOR Super Lasting Brush Liner 0.6g,13.00,11.05,15% OFF,https://jolse.com/product/code-glokolor-super-lasting-brush-liner-06g/76310/category/4722/display/1/
344,CODE GLOKOLOR Fix On Mascara Fixer 9ml,14.00,11.90,15% OFF,https://jolse.com/product/code-glokolor-fix-on-mascara-fixer-9ml/76309/category/4722/display/1/
345,CODE GLOKOLOR Oil Cut Cream To Powder 35ml,16.00,13.60,15% OFF,https://jolse.com/product/code-glokolor-oil-cut-cream-to-powder-35ml/76308/category/4722/display/1/
346,moonshot Conscious Fit Mellow Lip Tint 3.5g,12.00,10.20,15% OFF,https://jolse.com/product/moonshot-conscious-fit-mellow-lip-tint-35g/76262/category/4722/display/1/
347,moonshot Conscious Fit Cushion Foundation 12g,21.50,18.27,15% OFF,https://jolse.com/product/moonshot-conscious-fit-cushion-foundation-12g/76261/category/4722/display/1/
348,moonshot Tone Tuning UV Skin Tint SPF 50+ PA++++ 50ml,19.00,16.15,15% OFF,https://jolse.com/product/moonshot-tone-tuning-uv-skin-tint-spf-50-pa-50ml/76260/category/4722/display/1/
349,CODE GLOKOLOR Oil Cut Mineral Sun Base 35ml,16.00,13.60,15% OFF,https://jolse.com/product/code-glokolor-oil-cut-mineral-sun-base-35ml/76216/category/4722/display/1/
350,CODE GLOKOLOR Fix On Primer In Pact 11g,22.00,18.70,15% OFF,https://jolse.com/product/code-glokolor-fix-on-primer-in-pact-11g/76213/category/4722/display/1/
351,the SAEM Cover Perfection Tip Concealer 6.5g,5.50,4.67,15% OFF,https://jolse.com/product/the-saem-cover-perfection-tip-concealer-65g/75905/category/4722/display/1/
352,ETUDE Bling Bling Idol Stick 0.75g,11.00,9.35,15% OFF,https://jolse.com/product/etude-bling-bling-idol-stick-075g/75706/category/4722/display/1/
353,Etude Oh M'Eye Lash Top Coat 11g,6.00,5.10,15% OFF,https://jolse.com/product/etude-oh-meye-lash-top-coat-11g/75697/category/4722/display/1/
354,RiRe Diamond Eyebrow 0.35g,30.00,5.40,82% OFF,https://jolse.com/product/rire-diamond-eyebrow-035g/75429/category/4722/display/1/
355,ETUDE Double Lasting Vegan Cover Foundation 30g,34.80,24.36,30% OFF,https://jolse.com/product/etude-double-lasting-vegan-cover-foundation-30g/75306/category/4722/display/1/
356,Yepre Pink Collagen Multi Tone up Cream 50ml,29.80,25.33,15% OFF,https://jolse.com/product/yepre-pink-collagen-multi-tone-up-cream-50ml/75262/category/4722/display/1/
357,VT Reedle Shot Lip Plumper Expert 4.3g,16.32,14.69,10% OFF,https://jolse.com/product/vt-reedle-shot-lip-plumper-expert-43g/75257/category/4722/display/1/
358,Sisua by Unleashia Berry Shot Lip Tint 3.8g,17.00,14.45,15% OFF,https://jolse.com/product/sisua-by-unleashia-berry-shot-lip-tint-38g/75249/category/4722/display/1/
359,Parnell Cicamanu Serum Cushion Refill 15g,18.00,11.70,35% OFF,https://jolse.com/product/parnell-cicamanu-serum-cushion-refill-15g/75046/category/4722/display/1/
360,ETUDE REPLAY Play color Eyes,18.00,12.60,30% OFF,https://jolse.com/product/etude-replay-play-color-eyes/74946/category/4722/display/1/
361,MIGUHARA Love Vegan No-sebum Cushion 15g,29.00,24.65,15% OFF,https://jolse.com/product/miguhara-love-vegan-no-sebum-cushion-15g/74935/category/4722/display/1/
362,ETUDE Fruity Dewy Tint 4.5g,13.00,11.05,15% OFF,https://jolse.com/product/etude-fruity-dewy-tint-45g/74238/category/4722/display/1/
363,ETUDE Play Color Eyes [Whipping Cloud] 11.75g,28.00,19.60,30% OFF,https://jolse.com/product/etude-play-color-eyes-whipping-cloud-1175g/74237/category/4722/display/1/
364,ETUDE Whipping Velvet Blusher 7g,13.00,9.10,30% OFF,https://jolse.com/product/etude-whipping-velvet-blusher-7g/74236/category/4722/display/1/
365,ETUDE Glaze Plump Gloss 4g,13.00,11.05,15% OFF,https://jolse.com/product/etude-glaze-plump-gloss-4g/74214/category/4722/display/1/
366,mixsoon Vegan Plumping Glow Balm 3.5g,22.00,19.80,10% OFF,https://jolse.com/product/mixsoon-vegan-plumping-glow-balm-35g/74067/category/4722/display/1/
367,KLAVUU WHITE PEARLSATION Ideal Actress Backstage Cream 30ml,28.00,23.80,15% OFF,https://jolse.com/product/klavuu-white-pearlsation-ideal-actress-backstage-cream-30ml/73924/category/4722/display/1/
368,rom&nd The Universe Liquid Glitter 2g,12.50,0,0,https://jolse.com/product/romnd-the-universe-liquid-glitter-2g/73415/category/4722/display/1/
369,THE FACE SHOP fmgt Waterproof BB 50ml,20.00,17.00,15% OFF,https://jolse.com/product/the-face-shop-fmgt-waterproof-bb-50ml/73412/category/4722/display/1/
370,THE FACE SHOP fmgt Moisture Cushion Highlighter 8g,14.00,11.90,15% OFF,https://jolse.com/product/the-face-shop-fmgt-moisture-cushion-highlighter-8g/73411/category/4722/display/1/
371,Unleashia Babe Skin Baby Blue Cushion 15g,34.00,28.90,15% OFF,https://jolse.com/product/unleashia-babe-skin-baby-blue-cushion-15g/73357/category/4722/display/1/
372,TPSY Dew Plump Lipcerin 15ml,25.00,21.25,15% OFF,https://jolse.com/product/tpsy-dew-plump-lipcerin-15ml/73327/category/4722/display/1/
373,Hersteller Nearby Recharging Lip Balm 3.8g,13.00,11.05,15% OFF,https://jolse.com/product/hersteller-nearby-recharging-lip-balm-38g/73280/category/4722/display/1/
374,HOLIKA HOLIKA Heart Crush Bare Glaze Tint 3g,14.00,8.12,42% OFF,https://jolse.com/product/holika-holika-heart-crush-bare-glaze-tint-3g/73061/category/4722/display/1/
375,lilybyred Mood Keyboard 10.5g,29.00,24.65,15% OFF,https://jolse.com/product/lilybyred-mood-keyboard-105g/72645/category/4722/display/1/
376,lilybyred Juicy Liar Water Tint 4.8g,13.00,11.05,15% OFF,https://jolse.com/product/lilybyred-juicy-liar-water-tint-48g/72385/category/4722/display/1/
377,lilybyred Bloody Liar Coating Tint 4g,13.00,11.05,15% OFF,https://jolse.com/product/lilybyred-bloody-liar-coating-tint-4g/72384/category/4722/display/1/
378,DASIQUE Blending Mood Cheek 11.4g,19.00,16.15,15% OFF,https://jolse.com/product/dasique-blending-mood-cheek-114g/72071/category/4722/display/1/
379,3CE Mood Recipe Matte Color 3.5g,17.90,15.21,15% OFF,https://jolse.com/product/3ce-mood-recipe-matte-color-35g/71859/category/4722/display/1/
380,3CE Velvet Lip Tint 4g #Best Ever,15.00,12.75,15% OFF,https://jolse.com/product/3ce-velvet-lip-tint-4g-best-ever/71855/category/4722/display/1/
381,3CE Cloud Lip Tint 4g,15.00,12.75,15% OFF,https://jolse.com/product/3ce-cloud-lip-tint-4g/71852/category/4722/display/1/
382,GIVERNY Nuance G Eye Palette 8.2g,15.30,13.00,15% OFF,https://jolse.com/product/giverny-nuance-g-eye-palette-82g/71842/category/4722/display/1/
383,HERA UV MIST CUSHION COVER 15g + Refill #C21,50.00,42.50,15% OFF,https://jolse.com/product/hera-uv-mist-cushion-cover-15g-refill-c21/71808/category/4722/display/1/
384,B Project Stay Glow Cushion Refill 12g,20.00,17.00,15% OFF,https://jolse.com/product/b-project-stay-glow-cushion-refill-12g/71730/category/4722/display/1/
385,GLINT Highlighter 2.3g,22.00,18.70,15% OFF,https://jolse.com/product/glint-highlighter-23g/71518/category/4722/display/1/
386,GLINT Eye Palette In The Stars 4.4g,26.00,22.10,15% OFF,https://jolse.com/product/glint-eye-palette-in-the-stars-44g/71517/category/4722/display/1/
387,GLINT Glitter Gel 3.8g,15.00,12.75,15% OFF,https://jolse.com/product/glint-glitter-gel-38g/71516/category/4722/display/1/
388,GLINT Glow Lip Balm 3g,28.00,23.80,15% OFF,https://jolse.com/product/glint-glow-lip-balm-3g/71452/category/4722/display/1/
389,Milk Touch Fairy Jewel Eye Glitter 7g #4~6,10.00,8.00,20% OFF,https://jolse.com/product/milk-touch-fairy-jewel-eye-glitter-7g-46/71445/category/4722/display/1/
390,FRESHIAN Egg-like Cover Cushion Vegan (Refill) 12g,23.00,19.55,15% OFF,https://jolse.com/product/freshian-egg-like-cover-cushion-vegan-refill-12g/71299/category/4722/display/1/
391,FRESHIAN Egg-like Cover Cushion Vegan 12g,35.00,29.75,15% OFF,https://jolse.com/product/freshian-egg-like-cover-cushion-vegan-12g/71298/category/4722/display/1/
392,FRESHIAN Egg-like Glow Cushion Vegan (Refill) 12g,23.00,19.55,15% OFF,https://jolse.com/product/freshian-egg-like-glow-cushion-vegan-refill-12g/71297/category/4722/display/1/
393,FRESHIAN Egg-like Glow Cushion Vegan 12g,35.00,29.75,15% OFF,https://jolse.com/product/freshian-egg-like-glow-cushion-vegan-12g/71296/category/4722/display/1/
394,FRESHIAN Egg-like Cushion Vegan (Refill) 12g,23.00,19.55,15% OFF,https://jolse.com/product/freshian-egg-like-cushion-vegan-refill-12g/71295/category/4722/display/1/
395,FRESHIAN Egg-like Cushion Vegan 12g,35.00,29.75,15% OFF,https://jolse.com/product/freshian-egg-like-cushion-vegan-12g/71294/category/4722/display/1/
396,FRESHIAN Egg-like Tone up Cushion (Refill) 12g #Nudy Pink,23.00,19.55,15% OFF,https://jolse.com/product/freshian-egg-like-tone-up-cushion-refill-12g-nudy-pink/71293/category/4722/display/1/
397,FRESHIAN Egg-like Tone up Cushion 12g #Nudy Pink,35.00,29.75,15% OFF,https://jolse.com/product/freshian-egg-like-tone-up-cushion-12g-nudy-pink/71292/category/4722/display/1/
398,FRESHIAN Vegan Serum Lip Tint 6g,26.00,22.10,15% OFF,https://jolse.com/product/freshian-vegan-serum-lip-tint-6g/71291/category/4722/display/1/
399,FRESHIAN Sensual Vegan Lip Balm 3.3g,28.00,23.80,15% OFF,https://jolse.com/product/freshian-sensual-vegan-lip-balm-33g/71284/category/4722/display/1/
